stock ID, score
601398,0.1869886031652791
601288,0.19009773273149558
000963,0.19248070330316103
600036,0.19771462877086624
600000,0.19959331400347857
600519,0.21738128227467698
601166,0.23079384900154307
600016,0.23386127487350242
601939,0.25086026417399687
600660,0.2738474532634036
600377,0.29515398084521516
600535,0.29675915414701715
600028,0.3112660243506275
000001,0.31262686389261507
601818,0.31612993389258864
601988,0.32014376556824375
000423,0.32381966628218317
600104,0.32788399837248877
601238,0.3316298136992471
601601,0.33266907650080796
601328,0.33645626933587086
600600,0.3365617594352829
600585,0.339007017095536
601857,0.3412583816899625
600196,0.36044707503667117
601169,0.3605775108387808
601009,0.3667390625783759
600398,0.3761661238701108
600867,0.37797566442992886
600009,0.3825176897074271
002254,0.39063944882440516
600276,0.3934624364398845
601998,0.399571861546527
000869,0.39987230087215414
000729,0.40355899806903167
600779,0.4138963353133326
600612,0.422106636552712
002032,0.42279905131790085
600383,0.42423301086564386
000999,0.42611971629447104
601628,0.42619615756003004
002572,0.4362709663121173
600015,0.4364677811601523
601607,0.4371304399114196
600566,0.4418739553807766
600018,0.44235963182842036
600062,0.4426842318272774
601100,0.4438675991222054
002186,0.4484653852695649
600529,0.4500522528580076
000568,0.45203700669728586
600054,0.4552000479419457
600004,0.46305798635699635
600984,0.46486169699182145
002007,0.4652769192761676
601899,0.465569132227349
600741,0.4677650438232704
600557,0.4702352720257576
600521,0.478435275758563
601006,0.4784532598812023
000625,0.47881933242850416
002250,0.47943565987013115
600073,0.48670838861391
002039,0.48759330908101656
300214,0.4878051724774965
600089,0.4913547112790333
002628,0.49269387288373956
000581,0.49604633584919067
600007,0.49967103858344064
600138,0.5016457902602879
000501,0.5016711534276255
600216,0.5020854188483744
000422,0.5046101746380124
000761,0.5049528488342215
600269,0.5083217223252948
600285,0.508595154155801
601098,0.5093817333841867
002594,0.5148404375259111
000725,0.5167229881567912
601933,0.5171562136038031
600885,0.518040706474204
600048,0.5222741894594021
603699,0.5230718353646271
600177,0.5258868782219924
600197,0.5286991733019595
002561,0.5287378123598012
002111,0.5309013275191804
600011,0.5318113147992258
601668,0.5319092544600875
600317,0.5333508262824121
000661,0.5349254495485085
002333,0.5376953821526205
002267,0.5405586389939101
000623,0.5411396317974698
601139,0.5429182418985962
002705,0.5448827654722601
000860,0.547132338511655
600141,0.5477501875874801
600419,0.54792124604871
000059,0.5494301701666204
002393,0.5495528017269786
600351,0.5538326092960175
600166,0.5542090761225023
601336,0.5544705367631301
600323,0.5546153583896503
000596,0.5553490088524552
000726,0.5568145402995028
600256,0.5586612005807258
600703,0.5591778464280848
600642,0.5599862755587487
000488,0.5604915770424247
600039,0.561784864652979
601158,0.5620188231982267
600622,0.5632925126148101
000521,0.5670716471465651
600373,0.5684930765737009
002262,0.5689237090919848
600563,0.5713645024241946
600809,0.5715414746310891
000166,0.5756986129846439
300003,0.5759508453461645
600489,0.5759659776128648
600066,0.5806057957312335
600723,0.5845036020845465
600183,0.5854075294288331
002001,0.5865479647867171
000550,0.586993322505373
600644,0.5876460897804231
600827,0.5882434738574486
601991,0.5885285800715832
600333,0.5897736733195461
600033,0.5911755200792973
002241,0.5915662824522606
000926,0.5931590917829561
600337,0.593740489694139
000788,0.5961592157970109
000525,0.5984961451441386
000792,0.6008183845558694
600199,0.6011581417925541
002508,0.6032168629280128
600444,0.6066446952345275
600717,0.6067238262245416
600742,0.6073372959203155
600027,0.6092122268679323
600508,0.6140912048817819
600350,0.6143310902007156
600123,0.6158473109034972
600295,0.6162743210762041
600837,0.6173124598928261
002391,0.6175453587670738
000739,0.6177828882018754
600085,0.6189226710657911
002155,0.619209997168366
002083,0.6202397587227653
002653,0.6203464145445337
002142,0.6206679451133577
601117,0.6227757089050987
002225,0.6242966619162099
000908,0.6244173032438168
600668,0.6244585073724688
002415,0.6245171682121871
600547,0.6271560487840889
600426,0.6303886956987531
000536,0.6310207405566947
600486,0.6312054475477903
600308,0.6314164718698967
000069,0.6323119672472944
600548,0.6327678610149428
600638,0.633186096186568
600023,0.6335285171119666
600976,0.6349703147363827
601992,0.6352146347516526
603456,0.6371388315939771
600997,0.6372024904799777
603123,0.6376574162590221
600628,0.6386199012918957
600917,0.6409055196620072
601677,0.6415200668376316
002394,0.6415673430913028
600267,0.6424609041682897
000983,0.6430102241899158
600031,0.64370057689383
603806,0.6468246732033509
000898,0.6470370587266363
603328,0.6479483677263317
600676,0.6494512714798647
601666,0.6498685968822285
601107,0.6520570686150319
002419,0.6530487360280848
000919,0.6530664824521915
601588,0.6536359561254954
002202,0.6544733013091527
600835,0.6547062796625882
600452,0.6550937425651692
002008,0.6556761750817766
600362,0.656069544929842
002140,0.6565408949892095
600509,0.656546109974486
600020,0.656997838681333
002035,0.6573966314678843
000776,0.6621959278951468
002300,0.6622627957942397
002646,0.6626778202280947
000528,0.6634905824059734
000998,0.6665363474839935
600010,0.6666687163679693
002275,0.6668930472165259
600650,0.6672792918934835
000709,0.668327913471883
600498,0.668399913045267
600348,0.6685077343183752
601116,0.6700731923505476
000600,0.6701796056442313
000402,0.6710555160211388
601208,0.6712960981813888
000036,0.672012471216084
000783,0.6722803689394288
002732,0.6744747029525704
600780,0.6762394072608191
601369,0.6764644542456372
600284,0.6778070626578371
600030,0.6780965596171403
600897,0.6813486275245394
600320,0.6821242249948613
300137,0.6824951539039711
000421,0.6830194289327692
600322,0.6862918670568118
000759,0.6876810291084471
300357,0.6879552603566093
600247,0.6880817144863501
002042,0.6885831720696758
600999,0.6890937659602909
002543,0.6892809473097344
600305,0.6899730159882291
000404,0.6900689409265552
600998,0.6910572524526303
601311,0.6915647324187844
002541,0.6918620267387147
600479,0.695637065945104
601111,0.6957821711725226
601222,0.6965889252467634
002324,0.696701814904255
600894,0.6974657164973244
600262,0.6983172259536911
600056,0.6992151872092836
002079,0.6995042068199272
300215,0.7003599190971194
600059,0.7014745998300018
600583,0.7016316081900157
002185,0.7018901200231036
600325,0.703426190700462
600190,0.7038186824955165
603368,0.7041624658783652
000598,0.7048061385203154
600163,0.7058457090446675
600969,0.705887345433186
600863,0.7064732553707057
002223,0.7069776298744872
600971,0.7077102316345885
000735,0.7078790453875902
000089,0.7079341870481033
600068,0.7084710198696633
601333,0.7090922461505973
600208,0.7096442486001959
600236,0.7101992784236439
002218,0.7107157036982532
000976,0.7109505670828721
601579,0.7114775133983909
600569,0.7121899417932344
002058,0.7123697977451039
600368,0.7132982537239146
600761,0.7139366579145158
000400,0.7153713570620537
000702,0.7163130133769652
600884,0.7177935689547797
300138,0.7186660022036578
601808,0.7192756426079742
000822,0.7194669850345249
600170,0.7204200007471037
000921,0.7214548256195781
002521,0.7220253531084674
002566,0.7252307598288835
002444,0.7265397417929895
000049,0.7277970791335663
600409,0.7285436677471384
002461,0.7288366559656115
600619,0.7289168630891099
002200,0.730910804546597
600801,0.7316185416064633
600854,0.732484329739591
600697,0.7330164802477532
600787,0.7332882504479786
600824,0.7360138379188009
600505,0.7368586171541331
600853,0.7375104805246812
000886,0.7386577519569543
000572,0.7399276574324941
600820,0.7404299518445544
600748,0.7409341950779437
600012,0.7421163992396232
600329,0.7423461859041599
600805,0.7424419443268107
000830,0.7432967928498121
002731,0.7440191522597951
600266,0.7458599167343908
600598,0.7459889402395025
601188,0.7475512108901046
600101,0.7482474451154578
601186,0.7485735120144441
600416,0.7492602042501026
000823,0.7496582421609999
000713,0.7497609677585058
603306,0.7498783676386411
600418,0.7504818531586124
603333,0.7509266171401725
600067,0.7523903541459183
600812,0.7532529382688017
600516,0.7543206369789948
600218,0.754408553865305
601177,0.7549823345390566
600098,0.7555746288502899
600720,0.7556468269910546
601688,0.7559555157143968
601800,0.75609107632379
002674,0.7596190161492684
600132,0.7601486657792574
002321,0.7602523646794132
000966,0.7602692531433923
300015,0.7605101394050916
002130,0.7613155379265649
600311,0.7621283104228312
600874,0.7624005905427239
002206,0.7629969114200089
000811,0.7631171905612663
601928,0.7632238441050804
600131,0.7633806977814871
000039,0.763816356714344
600114,0.7645038467269298
600648,0.7658583050090358
601377,0.7659446685883211
600615,0.7665903455860368
000157,0.767199087273406
600851,0.7672244402767489
600691,0.7676130196478395
000780,0.7698342768013057
601518,0.7698543203630911
601969,0.7711636681744214
600808,0.7721358922102646
000597,0.7721494209646598
002187,0.7722541425486803
600810,0.7729858488409665
600688,0.7736127983994524
600449,0.773637219214816
600838,0.7739725985793934
600278,0.7742602981706779
600421,0.7762748858629146
600630,0.7770904669639058
603099,0.7773641411152789
600963,0.7786584940143729
000009,0.7792566176832677
002234,0.7795457430643569
000949,0.7795806654394483
601179,0.7795981205831655
600361,0.7798451719004003
002736,0.7821705517951785
600567,0.7824032102784023
002277,0.7841998877547551
600686,0.7851946974087676
600613,0.7853628421588599
300021,0.7861670424066731
000957,0.786950301102108
002433,0.7872314576562189
601801,0.7872779720783649
600965,0.7874531542315731
600483,0.7882838778170888
600891,0.7888470307078529
600115,0.7889690278525125
600580,0.7890309144721482
600573,0.7890769959167631
600639,0.7891949482214249
600517,0.7892975505202623
300115,0.7901506913681464
600836,0.7922080945421744
600327,0.7923488056362884
002281,0.7923631683718958
601958,0.7928377290892813
600008,0.7942615781906807
600586,0.7948042635088186
600980,0.7949110427864596
601901,0.7952422909931454
002484,0.7953539862119431
600803,0.7960447788627711
600694,0.7961918994745624
600188,0.7964677883577417
002695,0.7966325576202126
002365,0.7970092972688979
600382,0.7975124890601986
002457,0.7977211534150037
600683,0.7979317310302593
600299,0.7986541989550644
601515,0.799028476989868
600017,0.7998286104710907
600819,0.8001914342972533
600395,0.8019559595728194
002024,0.8023272625791156
002242,0.8029245659316417
600127,0.802960720144095
600618,0.8032225699334317
600336,0.8034819572404704
601898,0.8035813093775247
002420,0.8053024702781899
300124,0.8055474569936724
000737,0.8063814728179372
000628,0.8068253899838197
002479,0.8069475407489093
000667,0.8075250033163881
000011,0.808454985787019
600108,0.809488895629878
601880,0.8098548114885245
002194,0.8124250827601928
002287,0.8125758069491138
000420,0.8125798676521323
000911,0.813290486382728
600367,0.8145890543930497
600386,0.8146423386106941
601616,0.8148299670729878
000498,0.8156982568869616
300042,0.8163303232707546
600470,0.8165233036515579
600792,0.8167307257405447
600459,0.816795554225798
300200,0.8168699422671878
600467,0.8168997948771812
600782,0.8176227474005981
600080,0.8189964199049052
002372,0.8195062338884199
600881,0.8197010066017297
000815,0.8202398329772145
300119,0.8206246729542075
600802,0.8208672310308389
002179,0.8213167309934643
000619,0.8216161712759982
600743,0.8221610864054699
600662,0.8230656686857937
600448,0.823650209257422
300218,0.8275610755698976
002136,0.8275754273180221
600895,0.8277875658354573
600282,0.8281980161412155
000012,0.8286905308636705
600213,0.8288609086127151
002233,0.8290964258957529
300403,0.8297823680808277
000559,0.8303386575142373
601099,0.8305012794221143
002554,0.8309891831423086
002028,0.831549580447754
002620,0.8325620505655865
000952,0.8325880850018264
600261,0.8331947292313248
000877,0.8333544848895672
603678,0.8354430587433507
000567,0.8357366142772739
600403,0.836192838538783
300127,0.8366067449107409
601788,0.837447782617233
000880,0.8376952123497352
600006,0.8378088331709618
000993,0.8382856521201486
000758,0.839042625407336
002490,0.8401478047893811
600708,0.8401676716029821
000546,0.8406514594153389
600439,0.840734197461649
002087,0.8419318596361363
600755,0.8434558305892318
000856,0.843734187383072
000030,0.8446961294510347
600082,0.8457327042676819
600354,0.8464647171956075
002060,0.8470743413160576
600159,0.8473050159183787
002045,0.8478586576626933
600038,0.8517776378002974
002118,0.8524291195488304
000589,0.8538330687521178
600826,0.8541271965758986
000686,0.8544196679377661
000419,0.8549883766014226
000988,0.8572466958933028
002562,0.85976871225547
600345,0.8598513083373127
600359,0.8599167320314328
600731,0.8606704275615251
300039,0.8612483056919673
600883,0.8618182215188134
000541,0.8640903453669075
300305,0.8647517888423573
000652,0.8665031798470942
000573,0.8692810933621156
600658,0.869327998953975
000931,0.8693342688093751
000951,0.8709139248650704
002570,0.8710279169926316
002204,0.8712832829922612
000690,0.8728646773628509
000937,0.8728732227131162
600396,0.8728955037417141
603005,0.8737936838755368
600300,0.8739976210382281
000738,0.8743300067511554
000430,0.8748352681064039
002340,0.8749069116236754
000750,0.8754700824164507
600272,0.8755715225402715
002126,0.8756179716895062
601799,0.8758217032868295
000961,0.8763765977593494
600456,0.8767261618015618
600616,0.8769422783394648
002350,0.8775344065213976
300330,0.8783731258682547
000910,0.8796106774660426
603766,0.8801047810731908
603167,0.8801725591050045
600121,0.8817420192783063
600279,0.8817525556234225
002307,0.883115291771689
600160,0.8835939387402746
000620,0.8845212519243004
600888,0.8863781542397969
002117,0.8864297047495194
000895,0.8881174624071794
000913,0.8882546274160268
000970,0.8885555556448279
600992,0.8889746509494585
600868,0.8903506944323953
000698,0.8917197823192129
600178,0.8931862803657827
000088,0.8932092943401506
000801,0.8935680596035178
600830,0.8945721937208291
600235,0.894838058491153
601555,0.8952696186360676
601016,0.8956446966915325
002746,0.8962623607257498
600360,0.8964996378966547
600103,0.8971151550540406
600841,0.8971489768441451
600029,0.8974898175269546
600596,0.8979007673250563
300072,0.898479338500682
600376,0.8990532597286759
601699,0.8992712043640462
002623,0.899359796496835
600230,0.8998705719344411
600889,0.9010394307060238
600128,0.9016506906266932
002565,0.9022022112924247
601669,0.9031646272091757
000777,0.9049230766466664
000539,0.9050519522311529
002078,0.9055273242295776
000417,0.9060879442994549
600713,0.9063953495938178
000800,0.9079834865808997
002332,0.9087718803113958
600210,0.9094472164501975
600814,0.9111949237405719
000551,0.9128095879095075
002149,0.9139910381491809
000055,0.9144951557066401
600372,0.9147576583323378
002054,0.9151980316293159
600775,0.9153966690915539
600497,0.9156011956662552
601678,0.9159341458244634
603698,0.9168638401522438
600629,0.9174416055026665
000837,0.9179361211195242
000868,0.9193050415556907
000026,0.9197726252593814
000933,0.9199446707693967
000680,0.9204388540871955
002627,0.9209803669380446
000014,0.9211096269368463
000852,0.921226545331658
601225,0.9214090151837702
600550,0.9218011278551216
000767,0.9221021426504639
601233,0.9228785794036436
600243,0.9230240376555285
000965,0.9250387224746526
601566,0.9251037070779162
000807,0.9254325376609126
600118,0.9256112339036525
002533,0.9264649850695555
000025,0.9275823435594187
600220,0.927633029702979
002105,0.9282360842208999
000090,0.9300569956227064
600523,0.9316915523625944
600169,0.9351398479778561
600500,0.935261078436323
600477,0.9352794769606807
002304,0.9362770089028276
600757,0.936515664507308
000570,0.9373867932097063
000762,0.9375123652584753
002208,0.9384076957441776
600893,0.9387349551461267
600705,0.9397240561810732
600744,0.9400544282536101
600706,0.9401335259224475
600425,0.9401395158851517
000428,0.9402726249064817
002430,0.9418149694885033
002460,0.9421044975640038
002500,0.9427889624130876
300210,0.9437707880571519
002734,0.9459722113819223
000985,0.9462971262849386
000973,0.9465388599361272
000728,0.9480438046005902
000897,0.9492194633333028
000918,0.949987662922815
000731,0.950545531897082
000554,0.9508159929463326
600206,0.9514581616725042
600405,0.9523663888360936
600222,0.9526834650161343
002205,0.9527361134833188
600109,0.9532989750064145
600993,0.9536935160461752
000928,0.953976098840525
002139,0.9554285402684551
600831,0.9565734983945078
600758,0.9570775040634546
600726,0.9582360963510645
600765,0.9594405613479143
002463,0.9600355436237777
002648,0.9612728645253338
600135,0.9612965250807279
002222,0.9614390512026815
000816,0.9615136448867362
002482,0.9629964102016223
000096,0.9631426248839493
600526,0.9644201387610289
002294,0.9647910995225778
002144,0.9648238821040992
600549,0.9667036337341363
300014,0.9690757248949026
600536,0.9691823360790716
002074,0.9691862300515214
002296,0.969237164972136
000768,0.9697942694795655
600789,0.9708151179767436
603088,0.9713535547055292
002276,0.9725919686900406
600961,0.973172298222205
000922,0.9733092141861885
000751,0.9737867686665614
300202,0.9738262904303278
600698,0.9743295732763066
000733,0.975223693664686
300037,0.9752317337668198
600107,0.9753219553875673
000632,0.9761626166057074
600125,0.9768733103368951
300307,0.9772953813643828
300106,0.9779537984076963
002338,0.9784601950091316
000561,0.9794845787350772
002067,0.9805915239651619
600088,0.9815798410740284
002073,0.9817954731930443
600833,0.9825046108982808
600737,0.9826308188423504
600180,0.9832670447148312
600307,0.9836752318236253
600435,0.9843244502349352
002342,0.9846339761090197
600510,0.9849584273621791
600096,0.9854314290635654
600605,0.9855944622699664
600712,0.9862676061226503
002062,0.9864908683001169
002029,0.9901262890670215
603100,0.9910856010431582
601218,0.9919788300032664
002511,0.9922675143656646
300327,0.9937184834450865
600060,0.9939506270683428
600223,0.994470858556815
002311,0.9952051777825577
600249,0.9953037621156734
600546,0.9954480471709563
600156,0.995627289093685
000848,0.9958008100318623
600861,0.9975947421097185
600343,0.997639960686441
600692,0.998372384305433
600543,0.9985060330723244
603600,0.9991388013831768
000905,1.0014127347830823
600119,1.0066503568757088
002749,1.0092163901254032
601718,1.0093234351061864
600458,1.0094652193969318
002475,1.0098130441645947
600081,1.0099608960030737
300105,1.010889875160271
600970,1.0109907291823117
600302,1.0119130012725153
300029,1.0127686923029355
600665,1.012810366695348
600094,1.0155577965656641
601198,1.0157019197665758
600513,1.016646185377104
601008,1.0172219815326153
600063,1.0176231207685502
002182,1.0180586799557212
002678,1.0198607693850803
600560,1.0206832231046068
300371,1.0208546345907215
002251,1.0211995091081847
600326,1.0212839637619755
600507,1.0214732503133734
600287,1.0218772601393848
000875,1.022273681468483
600693,1.0223236551292723
600268,1.0226867675807843
600093,1.0246503759955943
000960,1.024853220621288
600064,1.0274955670650254
000060,1.0327440581129403
000915,1.0331137998632005
603988,1.0331359113829384
600684,1.03320939759453
002120,1.0361396668355392
002449,1.0366351109902383
600857,1.037163374490796
000705,1.0382988988552146
600313,1.0384887633278683
600061,1.0389351893001266
601038,1.0397766863533062
000678,1.040422415117103
002243,1.0435487924524751
000732,1.0445382188991919
600611,1.0452902760615057
600111,1.045813725992934
300133,1.0478527551425336
002066,1.0480403980375368
300274,1.0489505098491798
601106,1.0512003336586861
600491,1.0515242616753961
002556,1.0534224344702623
300185,1.0540701107726687
002068,1.056631116489544
000631,1.0567941638939022
600592,1.0579066345855133
002322,1.0643951262214546
300393,1.0662803316938152
000627,1.066569994652234
002679,1.0672505018022762
600171,1.0679200856235376
000021,1.0682477636271952
000599,1.0682820465118306
600527,1.0726823376401255
002227,1.078668378676863
600316,1.078765508743119
600283,1.0815003811791633
000785,1.0831669130430446
000791,1.0839997275609925
603788,1.0843487132610339
000701,1.0847651118477248
002172,1.0856511936884061
603688,1.085959171969548
000936,1.0863687558838522
002403,1.0904658799791396
601777,1.0911371348350207
600718,1.0922752176787451
002456,1.0928658938034137
600769,1.0931203679975394
600391,1.093690464307121
300121,1.094323440132572
600292,1.0944593134005607
601007,1.0960683454759428
601015,1.0978068526580824
600203,1.0984771451124546
603015,1.1004456974266537
600727,1.1029052282131921
000831,1.104939775073715
002386,1.1099504554061606
600776,1.1110947566007257
601886,1.1125975798028784
600281,1.1133138230973274
002232,1.1151473576389679
000637,1.1151974917783747
000548,1.116318468637379
600037,1.120544582883842
600229,1.1207640794224525
600604,1.1215842010996728
002585,1.1218005194555674
600077,1.1240158580873827
002328,1.124062269853434
002616,1.1249102680254355
600774,1.125125238219767
002152,1.1259251163434978
600704,1.1270061610214035
300122,1.128230430889067
601766,1.1288005941206156
002177,1.1303490611940803
600871,1.132641655108787
002472,1.1346477933159191
600476,1.1349899509018697
600791,1.1417700123407288
603609,1.1420335846228444
002360,1.1437780654504486
603001,1.1447586044408986
600624,1.1457237294269198
002618,1.1462859898406086
002084,1.1465643138763784
002192,1.1497157300123588
002135,1.1508060800538487
600862,1.1514591593533896
600493,1.1516440069945513
600433,1.1519282644333655
600501,1.15283416943551
002022,1.1549843164698268
002016,1.1552895771516962
600095,1.1568236058545267
000809,1.1568275008951037
600839,1.1572659628912467
000909,1.159799144754207
002273,1.1606074850053871
600588,1.1634056416923757
002017,1.164263334714393
002133,1.167961855315479
000410,1.1682349634906783
600601,1.169398634730256
300175,1.1729614621636493
002385,1.1775281233991075
002715,1.1780037225010498
002428,1.1815843934601404
000828,1.1862875630455738
600617,1.1879585599265796
603799,1.1880243338458276
002093,1.1881998497672075
601002,1.1900953327512906
000906,1.191907703165156
600380,1.1986535483961263
300417,1.1995837126529805
002096,1.2010057236382867
000151,1.2024726549729043
600647,1.2041461985298567
000530,1.204902794930855
002009,1.2049213477787137
603166,1.204985698256847
600410,1.2073654183064737
000798,1.2075041340675483
300204,1.2077307815656697
601918,1.2194540232163393
601226,1.220006483189865
600463,1.22409560657627
002315,1.224979028345536
002125,1.2283811404856253
000017,1.2321783959625332
000902,1.2325885943954258
000797,1.232843972874787
002104,1.235966536775613
002480,1.2430949707659225
601558,1.2499917931316595
002381,1.25188391752195
600823,1.253389504594857
600055,1.2536527145079692
600661,1.259991827135115
002410,1.2672301655632927
601965,1.2741092518172654
600130,1.2751876494880263
002687,1.2756155497118191
000507,1.2777509556728708
002613,1.2796741388636401
002557,1.2802703160440743
002487,1.283420364199686
600105,1.2846451955391345
002362,1.284980964123576
600962,1.2897108080602082
600865,1.2905335074490976
002432,1.290897145216102
002534,1.29330028350936
000722,1.2959424706401481
002148,1.3101418616883973
600370,1.3109643221856047
002023,1.313067212513556
002088,1.315492410843496
002351,1.327157298307051
300275,1.3271741868504003
300304,1.3319636131746697
000819,1.3396928404317454
300385,1.3485454173908036
300286,1.3489532303909648
002274,1.353709597326799
000532,1.357089714704966
000078,1.3613709379111107
000158,1.3690299060557485
002184,1.3708328140496513
600783,1.374483015143706
002108,1.3758955928550278
600192,1.376622602891402
002330,1.378532045734797
002551,1.378990095533247
600815,1.3811246023895896
002081,1.3891220483418598
000683,1.3929785799899599
002519,1.3950432978470222
600981,1.4014808970664112
002305,1.4020816384154633
000789,1.4093258460955158
000544,1.4100235830775494
300254,1.4141399812069844
002733,1.416983008626382
603002,1.4310931597817398
300264,1.436548610537895
600198,1.4367782906226583
002215,1.4383657477502871
603288,1.443225413141387
002518,1.4475680926585195
002538,1.4484620711041247
600626,1.4523339266149073
002038,1.466167782709453
300114,1.4736637252865539
000859,1.4759389919127732
600846,1.4770418758427153
002253,1.4861389292228322
600288,1.4955004769688374
002352,1.4991727287244154
002339,1.5023264677753236
300246,1.5084718265005097
300341,1.5160552812674506
002493,1.5249386828663618
600201,1.5471825869988258
002467,1.553616507198882
002220,1.5630011260656043
601519,1.5753400987764623
600369,1.5793589713410499
300256,1.579464425221107
600537,1.585022043328068
600606,1.5871217196090186
600635,1.5978552383143516
002714,1.6040280691490265
600057,1.6080768611258405
603020,1.6086268967018793
002698,1.609619661393551
300174,1.6138891630463423
600495,1.625747141464622
300329,1.6360103073484549
300041,1.642695483876314
002100,1.6436269047067826
300147,1.6495997132438256
002221,1.6530568672286348
002559,1.6605489839319498
000681,1.673632309619747
600845,1.6793036307899774
002063,1.67984131724964
600716,1.7027010716072155
300258,1.7093624953372006
002158,1.7112154312467254
300321,1.7127181629467794
002284,1.7242383132641868
000027,1.7262744415723745
002107,1.7274120796574461
000753,1.7336323030671124
600371,1.7475962984748583
002380,1.7568352674988275
600185,1.764192737163605
300206,1.7803035756371306
300205,1.8036293410736681
002056,1.8196975674484357
600340,1.8215525218558548
002138,1.8255649130234708
002583,1.8365595684958034
600176,1.838630766598442
002597,1.8435585875116542
600422,1.8609867378376534
300017,1.8926981046797202
002395,1.8987825378012628
300397,1.9112359935491725
002363,1.91380238624633
601929,1.9215349823188126
002454,1.9396320752674228
601890,1.9433363951463412
601126,1.94381961696765
002595,1.9481682311239583
002657,1.9565192699128098
300257,1.9572991939169244
002095,1.9627433695489358
002302,1.9629727891500834
600562,1.9721036106870482
002466,1.9759685917192837
000552,1.9941581685521501
603899,1.997494542240889
002181,2.000959367423961
600966,2.013100151699656
601908,2.019874583624731
002402,2.0233589999807164
300231,2.0386754475245326
002700,2.0390924238265007
300354,2.046057840922802
002706,2.055476664635668
601021,2.070746123581665
000543,2.076080315659178
600415,2.076651109098079
002229,2.0788884558677085
300012,2.0809285195969585
002153,2.093469837765005
000948,2.094599438975186
002501,2.1078186629590503
002245,2.1119617170500353
300395,2.1133738705322487
600887,2.131882623486201
600570,2.1353376630545213
600184,2.1748961497643595
002216,2.184568733659246
002327,2.184574697622872
300422,2.2087609445591343
601011,2.231021913418587
002531,2.2326651164018836
002244,2.2345940751011972
000685,2.266753858967892
002237,2.2792730045942977
002708,2.2895630855885765
300415,2.2897047738108656
300079,2.306269252586871
002494,2.3110575655550107
300007,2.325523241737755
300244,2.3347700828464575
300416,2.3519725762361734
600251,2.35203451195477
600231,2.353406699262752
300154,2.363393005783167
002641,2.3842157799103383
600478,2.3891910918813046
300378,2.3985885487333167
300259,2.4069454761578846
300066,2.407574561584853
300002,2.414818708103885
002099,2.452349493218932
002285,2.45573892807914
300207,2.473674445306072
002737,2.478868869666384
300199,2.4930178971454455
600582,2.4957613778796737
300314,2.5207378518132355
601318,2.532281386392705
300107,2.537662012247981
002495,2.545207480531516
000671,2.562934395083596
300401,2.575519815811335
300193,2.5809574881811908
002588,2.5829746852678483
002658,2.6022317466258875
002497,2.619732748261455
002195,2.62290368272519
002441,2.6308949736985805
002178,2.6331031988963827
002271,2.647073212128002
300375,2.668574799170855
300129,2.677899738858315
601636,2.6814947082521776
300400,2.6838713264983363
002718,2.6859320065227665
300328,2.698994534767845
002709,2.718157296164258
603019,2.718563764712508
002124,2.7289905949249103
002689,2.7320181196599167
002064,2.7344790352768156
300170,2.738526228652845
002375,2.7421697990208704
601199,2.745694660223825
002496,2.7527859357627413
300082,2.805864088442748
002539,2.8577937498514028
300006,2.8632351696856997
300245,2.8645795462241477
002688,2.9315080058415273
300347,2.9476361797686295
002146,2.949052756137493
002422,2.951025859395914
002236,2.9635004343099824
300303,2.9790594439366314
300236,2.9866881054841126
002167,3.039077863212725
600730,3.0697480071272683
002615,3.081943655496924
002503,3.089581834610511
300251,3.0905174734631786
002568,3.0963791475007
603969,3.0997060260189984
600298,3.105913349219662
300077,3.122209509871815
300024,3.1341933708486156
300136,3.1403158771142836
600674,3.1481070762442314
300033,3.1515835623762483
000861,3.1651870531866306
002258,3.1889635427092373
600079,3.19259178059423
300182,3.224099477513289
300117,3.2560218586120095
300224,3.298990556320786
300045,3.2994551035461916
000888,3.3237042704775197
002374,3.3428309662546205
002455,3.3802283766226204
002603,3.382794957388978
600816,3.396861009789323
002337,3.416023018589162
300377,3.4590429081105576
002666,3.466864686999778
600518,3.4821115178318727
300302,3.530541804765519
300389,3.549255133905197
002690,3.5976377451864705
002550,3.610476089264967
002614,3.6218389821759485
603366,3.66971794806517
002590,3.6716813236626447
002019,3.685939216984198
000338,3.7156009779953374
300399,3.8019822298487127
603000,3.827400041216826
300394,3.8383824485008744
300102,3.8427359691075544
300172,3.861311025708466
601231,3.870422215375757
300277,3.916334604849691
000977,3.9210774772710915
002713,3.9239457669588074
603369,3.93483165403194
600352,3.961256213970943
300023,3.974161935932282
300373,3.9934673338284576
002404,3.994067142397002
300289,4.062835675589282
002154,4.072733816051787
300406,4.1000960365895525
002522,4.137835504000144
002364,4.193091302151901
300283,4.22438832471872
002563,4.27043461202457
600594,4.283931059168041
601258,4.3376712315274135
300295,4.3422830044227
600496,4.381702974732328
002407,4.386020008467434
601058,4.45573134168874
300370,4.501237154375482
002406,4.537199014459183
300155,4.609655270611454
300139,4.644552047045514
002540,4.710913933976554
300237,4.755106036098176
002673,4.755374833699247
600252,4.774197775177358
002581,4.8058115683214275
002318,4.908570836378981
002269,4.94490581406106
002424,4.962433702593471
300408,4.979301692572867
002334,4.992016380374629
002378,5.10052840916108
300253,5.11017668947111
300318,5.124272931262782
002041,5.1431305192124
603606,5.205198665087269
300255,5.2573706753264196
601010,5.2690320410268585
600436,5.345197200196681
002651,5.379783366616814
002397,5.422373458028898
601633,5.429721552450662
600728,5.603150269226992
300183,5.72048979789244
601339,5.746862805866726
000425,5.777770414534549
300211,5.995613363964448
000517,6.022371971606455
300333,6.026127763333498
300217,6.060785255968944
002609,6.077093162105549
002516,6.129393254351777
600531,6.554925600448745
600388,6.897731678404749
603077,6.982977320361354
300270,7.033711853850682
002498,7.075581550819686
600310,7.0865634369911605
002197,7.713682220979104
002593,7.896706137005869
002546,7.916858142072014
300075,8.411997493588576
300084,8.57789729987748
603993,8.882071666472184
300160,9.221379255592987
300171,9.910860828051023
002293,9.964391764876078
603168,10.096048731154664
600116,10.335173968610718
300386,10.600348580172996
300369,10.946895860213342
002644,11.567836877358795
002489,12.003030725590659
002488,12.26459294968227
002448,12.325183179310425
601012,12.487203591485537
601567,13.09528497620533
002634,13.352918215346147
002536,13.507072439512386
300380,15.324928533874248
300382,16.203749634296738
300130,16.585898514320775
300055,19.22564903745027
300388,60.973308917412055
